Event Conference
Event Convention
Event Festival
Event Music+Festival
Event Other+Event
Event Parade
Event Stoop+Sale
Event Street+Fair
Outdoors+%26+Recreation Athletics+%26+Sports
Athletics+%26+Sports Badminton+Court
Athletics+%26+Sports Baseball+Field
Athletics+%26+Sports Basketball+Court
Athletics+%26+Sports Bowling+Green
Athletics+%26+Sports Golf+Course
Athletics+%26+Sports Hockey+Field
Athletics+%26+Sports Paintball+Field
Athletics+%26+Sports Rugby+Pitch
Athletics+%26+Sports Skate+Park
Athletics+%26+Sports Skating+Rink
Athletics+%26+Sports Soccer+Field
Athletics+%26+Sports Sports+Club
Athletics+%26+Sports Squash+Court
Athletics+%26+Sports Tennis+Court
Athletics+%26+Sports Volleyball+Court
Outdoors+%26+Recreation Bath+House
Outdoors+%26+Recreation Bathing+Area
Outdoors+%26+Recreation Beach
Beach Nudist+Beach
Beach Surf+Spot
Outdoors+%26+Recreation Botanical+Garden
Outdoors+%26+Recreation Bridge
Outdoors+%26+Recreation Campground
Outdoors+%26+Recreation Castle
Outdoors+%26+Recreation Cemetery
Outdoors+%26+Recreation Dive+Spot
Outdoors+%26+Recreation Dog+Run
Outdoors+%26+Recreation Farm
Outdoors+%26+Recreation Field
Outdoors+%26+Recreation Fishing+Spot
Outdoors+%26+Recreation Forest
Outdoors+%26+Recreation Garden
Outdoors+%26+Recreation Gun+Range
Outdoors+%26+Recreation Harbor+%2F+Marina
Outdoors+%26+Recreation Hot+Spring
Outdoors+%26+Recreation Island
Outdoors+%26+Recreation Lake
Outdoors+%26+Recreation Lighthouse
Outdoors+%26+Recreation Mountain
Outdoors+%26+Recreation National+Park
Outdoors+%26+Recreation Nature+Preserve
Outdoors+%26+Recreation Other+Great+Outdoors
Outdoors+%26+Recreation Palace
Outdoors+%26+Recreation Park
Outdoors+%26+Recreation Pedestrian+Plaza
Outdoors+%26+Recreation Playground
Outdoors+%26+Recreation Plaza
Outdoors+%26+Recreation Pool
Outdoors+%26+Recreation Rafting
Outdoors+%26+Recreation Recreation+Center
Outdoors+%26+Recreation River
Outdoors+%26+Recreation Rock+Climbing+Spot
Outdoors+%26+Recreation Scenic+Lookout
Outdoors+%26+Recreation Sculpture+Garden
Outdoors+%26+Recreation Ski+Area
Ski+Area Apres+Ski+Bar
Ski+Area Ski+Chairlift
Ski+Area Ski+Chalet
Ski+Area Ski+Lodge
Ski+Area Ski+Trail
Outdoors+%26+Recreation Stables
Outdoors+%26+Recreation States+%26+Municipalities
States+%26+Municipalities City
States+%26+Municipalities County
States+%26+Municipalities Country
States+%26+Municipalities Neighborhood
States+%26+Municipalities State
States+%26+Municipalities Town
States+%26+Municipalities Village
Outdoors+%26+Recreation Summer+Camp
Outdoors+%26+Recreation Trail
Outdoors+%26+Recreation Tree
Outdoors+%26+Recreation Vineyard
Outdoors+%26+Recreation Volcano
Outdoors+%26+Recreation Well
Shop+%26+Service ATM
Shop+%26+Service Adult+Boutique
Shop+%26+Service Antique+Shop
Shop+%26+Service Arts+%26+Crafts+Store
Shop+%26+Service Astrologer
Shop+%26+Service Auto+Garage
Shop+%26+Service Automotive+Shop
Shop+%26+Service Baby+Store
Shop+%26+Service Bank
Shop+%26+Service Betting+Shop
Shop+%26+Service Big+Box+Store
Shop+%26+Service Bike+Shop
Shop+%26+Service Board+Shop
Shop+%26+Service Bookstore
Shop+%26+Service Bridal+Shop
Shop+%26+Service Camera+Store
Shop+%26+Service Candy+Store
Shop+%26+Service Car+Dealership
Shop+%26+Service Car+Wash
Shop+%26+Service Carpet+Store
Shop+%26+Service Check+Cashing+Service
Shop+%26+Service Chocolate+Shop
Shop+%26+Service Christmas+Market
Shop+%26+Service Clothing+Store
Clothing+Store Accessories+Store
Clothing+Store Boutique
Clothing+Store Kids+Store
Clothing+Store Lingerie+Store
Clothing+Store Men%27s+Store
Clothing+Store Shoe+Store
Clothing+Store Women%27s+Store
Shop+%26+Service Comic+Shop
Shop+%26+Service Convenience+Store
Shop+%26+Service Cosmetics+Shop
Shop+%26+Service Costume+Shop
Shop+%26+Service Credit+Union
Shop+%26+Service Daycare
Shop+%26+Service Department+Store
Shop+%26+Service Design+Studio
Shop+%26+Service Discount+Store
Shop+%26+Service Dive+Shop
Shop+%26+Service Drugstore+%2F+Pharmacy
Shop+%26+Service Dry+Cleaner
Shop+%26+Service EV+Charging+Station
Shop+%26+Service Electronics+Store
Shop+%26+Service Fabric+Shop
Shop+%26+Service Financial+or+Legal+Service
Shop+%26+Service Fireworks+Store
Shop+%26+Service Fishing+Store
Shop+%26+Service Flea+Market
Shop+%26+Service Flower+Shop
Shop+%26+Service Food+%26+Drink+Shop
Food+%26+Drink+Shop Beer+Store
Food+%26+Drink+Shop Butcher
Food+%26+Drink+Shop Cheese+Shop
Food+%26+Drink+Shop Farmers+Market
Food+%26+Drink+Shop Fish+Market
Food+%26+Drink+Shop Food+Court
Food+%26+Drink+Shop Gourmet+Shop
Food+%26+Drink+Shop Grocery+Store
Food+%26+Drink+Shop Health+Food+Store
Food+%26+Drink+Shop Liquor+Store
Food+%26+Drink+Shop Organic+Grocery
Food+%26+Drink+Shop Supermarket
Food+%26+Drink+Shop Wine+Shop
Shop+%26+Service Frame+Store
Shop+%26+Service Fruit+%26+Vegetable+Store
Shop+%26+Service Furniture+%2F+Home+Store
Shop+%26+Service Gaming+Cafe
Shop+%26+Service Garden+Center
Shop+%26+Service Gas+Station+%2F+Garage
Shop+%26+Service Gift+Shop
Shop+%26+Service Gun+Shop
Shop+%26+Service Gym+%2F+Fitness+Center
Gym+%2F+Fitness+Center Boxing+Gym
Gym+%2F+Fitness+Center Climbing+Gym
Gym+%2F+Fitness+Center Cycle+Studio
Gym+%2F+Fitness+Center Gym+Pool
Gym+%2F+Fitness+Center Gymnastics+Gym
Gym+%2F+Fitness+Center Gym
Gym+%2F+Fitness+Center Martial+Arts+Dojo
Gym+%2F+Fitness+Center Track
Gym+%2F+Fitness+Center Yoga+Studio
Shop+%26+Service Hardware+Store
Shop+%26+Service Herbs+%26+Spices+Store
Shop+%26+Service Hobby+Shop
Shop+%26+Service Hunting+Supply
Shop+%26+Service IT+Services
Shop+%26+Service Internet+Cafe
Shop+%26+Service Jewelry+Store
Shop+%26+Service Knitting+Store
Shop+%26+Service Laundromat
Shop+%26+Service Laundry+Service
Shop+%26+Service Lawyer
Shop+%26+Service Leather+Goods+Store
Shop+%26+Service Locksmith
Shop+%26+Service Lottery+Retailer
Shop+%26+Service Luggage+Store
Shop+%26+Service Mall
Shop+%26+Service Marijuana+Dispensary
Shop+%26+Service Market
Shop+%26+Service Massage+Studio
Shop+%26+Service Mattress+Store
Shop+%26+Service Miscellaneous+Shop
Shop+%26+Service Mobile+Phone+Shop
Shop+%26+Service Motorcycle+Shop
Shop+%26+Service Music+Store
Shop+%26+Service Nail+Salon
Shop+%26+Service Newsstand
Shop+%26+Service Optical+Shop
Shop+%26+Service Other+Repair+Shop
Shop+%26+Service Outdoor+Supply+Store
Shop+%26+Service Outlet+Store
Shop+%26+Service Paper+%2F+Office+Supplies+Store
Shop+%26+Service Pawn+Shop
Shop+%26+Service Perfume+Shop
Shop+%26+Service Pet+Service
Shop+%26+Service Pet+Store
Shop+%26+Service Photography+Lab
Shop+%26+Service Piercing+Parlor
Shop+%26+Service Pop-Up+Shop
Shop+%26+Service Print+Shop
Shop+%26+Service Real+Estate+Office
Shop+%26+Service Record+Shop
Shop+%26+Service Recording+Studio
Shop+%26+Service Recycling+Facility
Shop+%26+Service Salon+%2F+Barbershop
Shop+%26+Service Shipping+Store
Shop+%26+Service Shoe+Repair
Shop+%26+Service Smoke+Shop
Shop+%26+Service Smoothie+Shop
Shop+%26+Service Souvenir+Shop
Shop+%26+Service Spa
Shop+%26+Service Sporting+Goods+Shop
Shop+%26+Service Stationery+Store
Shop+%26+Service Storage+Facility
Shop+%26+Service Tailor+Shop
Shop+%26+Service Tanning+Salon
Shop+%26+Service Tattoo+Parlor
Shop+%26+Service Thrift+%2F+Vintage+Store
Shop+%26+Service Toy+%2F+Game+Store
Shop+%26+Service Travel+Agency
Shop+%26+Service Used+Bookstore
Shop+%26+Service Video+Game+Store
Shop+%26+Service Video+Store
Shop+%26+Service Warehouse+Store
Shop+%26+Service Watch+Repair+Shop
Residence Assisted+Living
Residence Home+%28private%29
Residence Housing+Development
Residence Residential+Building+%28Apartment+%2F+Condo%29
Residence Trailer+Park
Travel+%26+Transport Airport
Airport Airport+Food+Court
Airport Airport+Gate
Airport Airport+Lounge
Airport Airport+Terminal
Airport Airport+Tram
Airport Plane
Travel+%26+Transport Bike+Rental+%2F+Bike+Share
Travel+%26+Transport Boat+or+Ferry
Travel+%26+Transport Border+Crossing
Travel+%26+Transport Bus+Station
Bus+Station Bus+Line
Travel+%26+Transport Bus+Stop
Travel+%26+Transport Cable+Car
Travel+%26+Transport General+Travel
Travel+%26+Transport Hotel
Hotel Bed+%26+Breakfast
Hotel Boarding+House
Hotel Hostel
Hotel Hotel+Pool
Hotel Motel
Hotel Resort
Hotel Roof+Deck
Travel+%26+Transport Intersection
Travel+%26+Transport Light+Rail
Travel+%26+Transport Moving+Target
Travel+%26+Transport Pier
Travel+%26+Transport RV+Park
Travel+%26+Transport Rental+Car+Location
Travel+%26+Transport Rest+Area
Travel+%26+Transport Road
Travel+%26+Transport Street
Travel+%26+Transport Subway
Travel+%26+Transport Taxi
Travel+%26+Transport Toll+Booth
Travel+%26+Transport Toll+Plaza
Travel+%26+Transport Tourist+Information+Center
Travel+%26+Transport Train+Station
Train+Station Platform
Train+Station Train
Travel+%26+Transport Tram
Travel+%26+Transport Travel+Lounge
Travel+%26+Transport Tunnel
Food Afghan+Restaurant
Food African+Restaurant
Food American+Restaurant
Food Arepa+Restaurant
Food Argentinian+Restaurant
Food Asian+Restaurant
Food Australian+Restaurant
Food Austrian+Restaurant
Food BBQ+Joint
Food Bagel+Shop
Food Bakery
Food Belarusian+Restaurant
Food Belgian+Restaurant
Food Bistro
Food Brazilian+Restaurant
Brazilian+Restaurant Acai+House
Brazilian+Restaurant Baiano+Restaurant
Brazilian+Restaurant Central+Brazilian+Restaurant
Brazilian+Restaurant Churrascaria
Brazilian+Restaurant Empada+House
Brazilian+Restaurant Goiano+Restaurant
Brazilian+Restaurant Mineiro+Restaurant
Brazilian+Restaurant Northeastern+Brazilian+Restaurant
Brazilian+Restaurant Northern+Brazilian+Restaurant
Brazilian+Restaurant Pastelaria
Brazilian+Restaurant Southeastern+Brazilian+Restaurant
Brazilian+Restaurant Southern+Brazilian+Restaurant
Brazilian+Restaurant Tapiocaria
Food Breakfast+Spot
Food Bubble+Tea+Shop
Food Buffet
Food Burger+Joint
Food Burrito+Place
Food Cafeteria
Food Caf%C3%A9
Food Cajun+%2F+Creole+Restaurant
Food Cambodian+Restaurant
Food Caribbean+Restaurant
Food Caucasian+Restaurant
Food Chinese+Restaurant
Chinese+Restaurant Anhui+Restaurant
Chinese+Restaurant Beijing+Restaurant
Chinese+Restaurant Cantonese+Restaurant
Chinese+Restaurant Chinese+Aristocrat+Restaurant
Chinese+Restaurant Chinese+Breakfast+Place
Chinese+Restaurant Dongbei+Restaurant
Chinese+Restaurant Fujian+Restaurant
Chinese+Restaurant Guizhou+Restaurant
Chinese+Restaurant Hainan+Restaurant
Chinese+Restaurant Hakka+Restaurant
Chinese+Restaurant Henan+Restaurant
Chinese+Restaurant Hong+Kong+Restaurant
Chinese+Restaurant Huaiyang+Restaurant
Chinese+Restaurant Hubei+Restaurant
Chinese+Restaurant Hunan+Restaurant
Chinese+Restaurant Imperial+Restaurant
Chinese+Restaurant Jiangsu+Restaurant
Chinese+Restaurant Jiangxi+Restaurant
Chinese+Restaurant Macanese+Restaurant
Chinese+Restaurant Manchu+Restaurant
Chinese+Restaurant Peking+Duck+Restaurant
Chinese+Restaurant Shaanxi+Restaurant
Chinese+Restaurant Shandong+Restaurant
Chinese+Restaurant Shanghai+Restaurant
Chinese+Restaurant Shanxi+Restaurant
Chinese+Restaurant Szechuan+Restaurant
Chinese+Restaurant Taiwanese+Restaurant
Chinese+Restaurant Tianjin+Restaurant
Chinese+Restaurant Xinjiang+Restaurant
Chinese+Restaurant Yunnan+Restaurant
Chinese+Restaurant Zhejiang+Restaurant
Food Coffee+Shop
Food Comfort+Food+Restaurant
Food Creperie
Food Cuban+Restaurant
Food Cupcake+Shop
Food Czech+Restaurant
Food Deli+%2F+Bodega
Food Dessert+Shop
Food Dim+Sum+Restaurant
Food Diner
Food Distillery
Food Donut+Shop
Food Dumpling+Restaurant
Food Eastern+European+Restaurant
Food English+Restaurant
Food Ethiopian+Restaurant
Food Falafel+Restaurant
Food Fast+Food+Restaurant
Food Filipino+Restaurant
Food Fish+%26+Chips+Shop
Food Fondue+Restaurant
Food Food+Truck
Food French+Restaurant
Food Fried+Chicken+Joint
Food Gastropub
Food German+Restaurant
Food Gluten-free+Restaurant
Food Greek+Restaurant
Food Halal+Restaurant
Food Hawaiian+Restaurant
Food Himalayan+Restaurant
Food Hot+Dog+Joint
Food Hotpot+Restaurant
Food Hungarian+Restaurant
Food Ice+Cream+Shop
Food Indian+Restaurant
Food Indonesian+Restaurant
Indonesian+Restaurant Acehnese+Restaurant
Indonesian+Restaurant Balinese+Restaurant
Indonesian+Restaurant Betawinese+Restaurant
Indonesian+Restaurant Javanese+Restaurant
Indonesian+Restaurant Manadonese+Restaurant
Indonesian+Restaurant Meatball+Place
Indonesian+Restaurant Padangnese+Restaurant
Indonesian+Restaurant Sundanese+Restaurant
Food Irish+Pub
Food Italian+Restaurant
Food Japanese+Restaurant
Food Jewish+Restaurant
Food Juice+Bar
Food Korean+Restaurant
Food Kosher+Restaurant
Food Latin+American+Restaurant
Latin+American+Restaurant Empanada+Restaurant
Food Mac+%26+Cheese+Joint
Food Malaysian+Restaurant
Food Mediterranean+Restaurant
Food Mexican+Restaurant
Food Middle+Eastern+Restaurant
Food Modern+European+Restaurant
Food Molecular+Gastronomy+Restaurant
Food Mongolian+Restaurant
Food Moroccan+Restaurant
Food New+American+Restaurant
Food Pakistani+Restaurant
Food Persian+Restaurant
Food Peruvian+Restaurant
Food Pie+Shop
Food Pizza+Place
Food Polish+Restaurant
Food Portuguese+Restaurant
Food Ramen+%2F+Noodle+House
Food Restaurant
Food Romanian+Restaurant
Food Russian+Restaurant
Russian+Restaurant Blini+House
Russian+Restaurant Pelmeni+House
Food Salad+Place
Food Sandwich+Place
Food Scandinavian+Restaurant
Food Seafood+Restaurant
Food Snack+Place
Food Soup+Place
Food South+American+Restaurant
Food Southern+%2F+Soul+Food+Restaurant
Food Souvlaki+Shop
Food Spanish+Restaurant
Spanish+Restaurant Paella+Restaurant
Food Steakhouse
Food Sushi+Restaurant
Food Swiss+Restaurant
Food Taco+Place
Food Tapas+Restaurant
Food Tatar+Restaurant
Food Tea+Room
Food Thai+Restaurant
Food Tibetan+Restaurant
Food Turkish+Restaurant
Turkish+Restaurant Borek+Place
Turkish+Restaurant Cigkofte+Place
Turkish+Restaurant Doner+Restaurant
Turkish+Restaurant Gozleme+Place
Turkish+Restaurant Home+Cooking+Restaurant
Turkish+Restaurant Kebab+Restaurant
Turkish+Restaurant Kofte+Place
Turkish+Restaurant Kokore%C3%A7+Restaurant
Turkish+Restaurant Manti+Place
Turkish+Restaurant Meyhane
Turkish+Restaurant Pide+Place
Food Ukrainian+Restaurant
Ukrainian+Restaurant Varenyky+restaurant
Ukrainian+Restaurant West-Ukrainian+Restaurant
Food Vegetarian+%2F+Vegan+Restaurant
Food Vietnamese+Restaurant
Food Winery
Food Wings+Joint
Food Frozen+Yogurt
Professional+%26+Other+Places Animal+Shelter
Professional+%26+Other+Places Auditorium
Professional+%26+Other+Places Building
Professional+%26+Other+Places Club+House
Professional+%26+Other+Places Community+Center
Professional+%26+Other+Places Convention+Center
Convention+Center Meeting+Room
Professional+%26+Other+Places Cultural+Center
Professional+%26+Other+Places Distribution+Center
Professional+%26+Other+Places Event+Space
Professional+%26+Other+Places Factory
Professional+%26+Other+Places Fair
Professional+%26+Other+Places Funeral+Home
Professional+%26+Other+Places Government+Building
Government+Building Capitol+Building
Government+Building City+Hall
Government+Building Courthouse
Government+Building Embassy+%2F+Consulate
Government+Building Fire+Station
Government+Building Monument+%2F+Landmark
Government+Building Police+Station
Government+Building Town+Hall
Professional+%26+Other+Places Library
Professional+%26+Other+Places Medical+Center
Medical+Center Acupuncturist
Medical+Center Alternative+Healer
Medical+Center Chiropractor
Medical+Center Dentist%27s+Office
Medical+Center Doctor%27s+Office
Medical+Center Emergency+Room
Medical+Center Eye+Doctor
Medical+Center Hospital
Medical+Center Laboratory
Medical+Center Mental+Health+Office
Medical+Center Veterinarian
Professional+%26+Other+Places Military+Base
Professional+%26+Other+Places Non-Profit
Professional+%26+Other+Places Office
Office Advertising+Agency
Office Campaign+Office
Office Conference+Room
Office Coworking+Space
Office Tech+Startup
Professional+%26+Other+Places Parking
Professional+%26+Other+Places Post+Office
Professional+%26+Other+Places Prison
Professional+%26+Other+Places Radio+Station
Professional+%26+Other+Places Recruiting+Agency
Professional+%26+Other+Places School
School Circus+School
School Driving+School
School Elementary+School
School Flight+School
School High+School
School Language+School
School Middle+School
School Music+School
School Nursery+School
School Preschool
School Private+School
School Religious+School
School Swim+School
Professional+%26+Other+Places Social+Club
Professional+%26+Other+Places Spiritual+Center
Spiritual+Center Buddhist+Temple
Spiritual+Center Church
Spiritual+Center Hindu+Temple
Spiritual+Center Monastery
Spiritual+Center Mosque
Spiritual+Center Prayer+Room
Spiritual+Center Shrine
Spiritual+Center Synagogue
Spiritual+Center Temple
Professional+%26+Other+Places TV+Station
Professional+%26+Other+Places Voting+Booth
Professional+%26+Other+Places Warehouse
Arts+%26+Entertainment Aquarium
Arts+%26+Entertainment Arcade
Arts+%26+Entertainment Art+Gallery
Arts+%26+Entertainment Bowling+Alley
Arts+%26+Entertainment Casino
Arts+%26+Entertainment Circus
Arts+%26+Entertainment Comedy+Club
Arts+%26+Entertainment Concert+Hall
Arts+%26+Entertainment Country+Dance+Club
Arts+%26+Entertainment Disc+Golf
Arts+%26+Entertainment General+Entertainment
Arts+%26+Entertainment Go+Kart+Track
Arts+%26+Entertainment Historic+Site
Arts+%26+Entertainment Laser+Tag
Arts+%26+Entertainment Mini+Golf
Arts+%26+Entertainment Movie+Theater
Movie+Theater Indie+Movie+Theater
Movie+Theater Multiplex
Arts+%26+Entertainment Museum
Museum Art+Museum
Museum History+Museum
Museum Planetarium
Museum Science+Museum
Arts+%26+Entertainment Music+Venue
Music+Venue Jazz+Club
Music+Venue Piano+Bar
Music+Venue Rock+Club
Arts+%26+Entertainment Outdoor+Sculpture
Arts+%26+Entertainment Performing+Arts+Venue
Performing+Arts+Venue Dance+Studio
Performing+Arts+Venue Indie+Theater
Performing+Arts+Venue Opera+House
Performing+Arts+Venue Theater
Arts+%26+Entertainment Pool+Hall
Arts+%26+Entertainment Public+Art
Arts+%26+Entertainment Racetrack
Arts+%26+Entertainment Roller+Rink
Arts+%26+Entertainment Salsa+Club
Arts+%26+Entertainment Stadium
Stadium Baseball+Stadium
Stadium Basketball+Stadium
Stadium Cricket+Ground
Stadium Football+Stadium
Stadium Hockey+Arena
Stadium Soccer+Stadium
Stadium Tennis
Stadium Track+Stadium
Arts+%26+Entertainment Street+Art
Arts+%26+Entertainment Theme+Park
Theme+Park Theme+Park+Ride+%2F+Attraction
Arts+%26+Entertainment Water+Park
Arts+%26+Entertainment Zoo
College+%26+University College+Academic+Building
College+Academic+Building College+Arts+Building
College+Academic+Building College+Communications+Building
College+Academic+Building College+Engineering+Building
College+Academic+Building College+History+Building
College+Academic+Building College+Math+Building
College+Academic+Building College+Science+Building
College+Academic+Building College+Technology+Building
College+%26+University College+Administrative+Building
College+%26+University College+Auditorium
College+%26+University College+Bookstore
College+%26+University College+Cafeteria
College+%26+University College+Classroom
College+%26+University College+Gym
College+%26+University College+Lab
College+%26+University College+Library
College+%26+University College+Quad
College+%26+University College+Rec+Center
College+%26+University College+Residence+Hall
College+%26+University College+Stadium
College+Stadium College+Baseball+Diamond
College+Stadium College+Basketball+Court
College+Stadium College+Cricket+Pitch
College+Stadium College+Football+Field
College+Stadium College+Hockey+Rink
College+Stadium College+Soccer+Field
College+Stadium College+Tennis+Court
College+Stadium College+Track
College+%26+University College+Theater
College+%26+University Community+College
College+%26+University Fraternity+House
College+%26+University General+College+%26+University
College+%26+University Law+School
College+%26+University Medical+School
College+%26+University Sorority+House
College+%26+University Student+Center
College+%26+University Trade+School
College+%26+University University
Nightlife+Spot Bar
Nightlife+Spot Beach+Bar
Nightlife+Spot Beer+Garden
Nightlife+Spot Brewery
Nightlife+Spot Champagne+Bar
Nightlife+Spot Cocktail+Bar
Nightlife+Spot Dive+Bar
Nightlife+Spot Gay+Bar
Nightlife+Spot Hookah+Bar
Nightlife+Spot Hotel+Bar
Nightlife+Spot Karaoke+Bar
Nightlife+Spot Lounge
Nightlife+Spot Nightclub
Nightlife+Spot Other+Nightlife
Nightlife+Spot Pub
Nightlife+Spot Sake+Bar
Nightlife+Spot Speakeasy
Nightlife+Spot Sports+Bar
Nightlife+Spot Strip+Club
Nightlife+Spot Whisky+Bar
Nightlife+Spot Wine+Bar
